{"cameraMode":{"drawMode":0,"name":"Shaded","section":"Shading Mode"},"sceneLighting":true,"audioPlay":false,"sceneViewState":{"m_AlwaysRefresh":false,"showFog":true,"showSkybox":true,"showFlares":true,"showImageEffects":true,"showParticleSystems":true,"showVisualEffectGraphs":true,"m_FxEnabled":true},"in2DMode":false,"pivot":{"x":0.8345048427581787,"y":7.653430938720703,"z":0.6373138427734375},"rotation":{"x":-0.03169264644384384,"y":0.08445791900157929,"z":-0.0026643495075404646,"w":-0.9959394335746765},"size":12.709654808044434,"orthographic":false}